{"cameraMode":{"drawMode":0,"name":"Shaded","section":"Shading Mode"},"sceneLighting":true,"audioPlay":false,"sceneViewState":{"m_AlwaysRefresh":false,"showFog":true,"showSkybox":true,"showFlares":true,"showImageEffects":true,"showParticleSystems":true,"showVisualEffectGraphs":true,"m_FxEnabled":true},"in2DMode":false,"pivot":{"x":-0.17770326137542725,"y":2.0782876014709474,"z":7.564199447631836},"rotation":{"x":-0.020685788244009019,"y":-0.017999880015850068,"z":-0.0003711272729560733,"w":0.9996334314346314},"size":6.869502544403076,"orthographic":true}